ESPEDIENTEA /EXPEDIENTE|LOTE|ZERBITZUA|SERVICIO|KONTRATU MOTA /TIPO CONTRATO|PROZEDIURA /PROCEDIMIENTO|OINARRIZKO AURREKONTUA / IMPORTE LICITACION (SIN IVA)|OINARRIZKO AURREKONTUA / IMPORTE LICITACION (CON IVA)|ZENBATEKOAREN UNITATEA|KONTRATISTA / CONTRATISTA|KONTRATU SINADURA / FIRMA DE CONTRATO|IRAUPENA / DURACION|ADJUDIKAZIOAREN ZENBATEKOA / IMPORTE ADJUDICACIÓN (SIN IVA)|ADJUDIKAZIOAREN ZENBATEKOA / IMPORTE ADJUDICACIÓN  (CON IVA)|KONTRATU AMAIERA /CONTRATO VENCIDO|LUZAPENAK (URTEAK) / PRORROGA/AÑOS|SAILA / DEPARTAMENTO|OHARRAK / OBSERVACIONES|FIN PRORROGA|PREAVISO 1º PRORROGA ANTES DEL |PREAVISO 2º PRORROGA ANTES DEL |PREAVISO 3º PRORROGA ANTES DEL |ARTXIBO KUTXA / CAJA ARCHIVO||
V-05/14|Lote gabe|KUADRILLATEGI, PASAIAKO GAZTEEN HIZKUNTZA OHITURETAN ERAGITEKO EGITASMOA|KUADRILLATEGI, PROYECTO PARA INCIDIR EN LOS HÁBITOS LINGÜISTICOS DE LOS JOVENES DE PASAIA|SERVICIO|Abierto|10.270,00||por grupo|TTAKUN KULTUR ELKARTEA|2014/11/17|2 AÑOS + 2 PRORROGAS / ANUALES |11.497,40||SI||EUSKARA||||||PAZ-44||
V-04/14|Lote gabe|PASAIAKO UDALEKO HAUR ESKOLA|ESCUELA MUNICIPAL INFANTIL DE PASAIA|GESTIÓN|Abierto|19.703,75|||LILITEGIA S.L.|2014/09/04|3 AÑOS+3 PRORROGAS ANUALES|19.703,75||SI||KULTURA||2020/08/31||||PAZ-43||
OM-02/14|Lote gabe|TRINTXERPEKO HOCKEY ETA FUTBOL ZELAIKO BELAR ARTIFIZIALA BERRITZEA|RENOVACIÓN DE LA HIERBA ARTIFICIAL DEL CAMPO  DE HOCKEY Y FUTBOL DE TRINTXERPE|OBRA|Negociado sin publicidad|115.392,48|139.624,90||FIELDTURF POLIGRAS S.A|2014/01/13|4 SEMANAS||138.183,33|SI||||||||PAZ-44||
V-10/15|Lote gabe|UDAL GAZTELEKUEN KONTRATAZIOA |GAZTELEKUS MUNICIPALES|SERVICIO|MENOR||||KANTAURI LUDIKO ELKARTEA -ASOCIACION LUDICA KANTAURI ELKARTEA|2015/07/29|Otros|5.719,39||SI||GAZTERIA|"Iraupena: Desde 1-09-2015 hasta que comience a prestar servicio el ajudicatorio del procedimineto abierto
"|||||PAZ-44||
V-02/14|Lote gabe|UDAL ZERGAK IKUSKATZEKO LAGUNTZA TEKNIKOA|ASISTENCIA TÉCNICA PARA LA INSPECCIÓN DE LOS TRIBUTOS DE CARÁCTER MUNICIPAL|SERVICIO|Abierto||30,00||COORDINADORA DE GESTION DE INGRESOS S.A.|2014/10/03|2 AÑOS + 2 PRORROGAS / ANUALES ||20,00|SI||ERRENTAK|IMPORTE LICITACIÓN: Por exp., 60% de los cobros puntuales, 30% de las cantidades de actos tributarios aislados. IMPORTE ADJUDICACION:  Por exp., 40% de los cobros puntuales, 20% de las cantidades de actos tributarios aislados|||||PAZ-45||
|Lote 1|PASAI ANTXOKO IBAIONDO FRONTOIKO EDARITEGIRAKO ALTZARIAK ETA ETXE TRESNAK HORNITZEA|SUMINISTRO DE MOBILIARIO Y ELECTRODOMÉSTICOS EN EL AMBIGÚ DEL FRONTÓN IBAIONDO DE PASAI ANTXO|SUMINISTRO|Abierto|39.038,84|47.237,00||HOSTELBERRI, S.L.|2015/12/25|1 MES||30.254,84|SI||HIRIGINTZA||||||||
|Lote 2|PASAI ANTXOKO IBAIONDO FRONTOIKO EDARITEGIRAKO ALTZARIAK ETA ETXE TRESNAK HORNITZEA|SUMINISTRO DE MOBILIARIO Y ELECTRODOMÉSTICOS EN EL AMBIGÚ DEL FRONTÓN IBAIONDO DE PASAI ANTXO|SUMINISTRO|Abierto|16.850,26|20.388,82||José Javier Jimeno Goicoechea|2015/12/30|1 MES  ||14.912,77|SI||HIRIGINTZA||||||||
OM-01/15|Lote gabe|PASAI DONIBANEKO J.J. OTAEGI PLAZAKO ESKOLA OIHAN ESTALKIA BERRITZEKO LANAK|RENOVACIÓN DE LA CUBIERTA DEL ANTIGUO EDIFICIO DE LAS ESCUELAS J.J. OTAEI DE DONIBANE|OBRA|MENOR||||ARRANBIL ERAIKUNTZAK S.L.|2015/07/13|Otros||52.984,27|SI||ZERBITZUAK|Hasta finales de septiembre del 2015|||||PAZ-44||
OM-2/15|Lote gabe|TRINTXERPEKO AZOKAKO IGOGAILU BERRIA JARTZEKO OBRA|OBRA DE INSTALACIÓN DE NUEVO ASCENSOR EN EL MERCADO DE TRINTXERPE|OBRA|MENOR||||ASTIARAN S.L.|2015/10/26|1 MES|43.080,00|52.126,80|SI||ZERBITZUAK||||||PAZ- 47||
V-12/15|Lote gabe|ALBOKO ZAMADUN EDUKIONTZIAK BILTZEKO IBILGAILU TRINKOTZAILEA EROSTEA|ADQUISICION DE VEHÍCULO COMPACTADOR PARA RECOGIDA DE CONTENEDORES DE R.S.U. DE CARGA LATERAL|SUMINISTRO|Abierto|77.000,00|93.170,00||ENVIRO RENT XXI, S.L|2015/12/01|30 Días naturales||89.540,00|SI||ZERBITZUAK||||||PAZ-47||
V-11/15|Lote gabe|ZABORRA BILTZEKO EDUKIONTZIAK EROSTEA|ADQUISICION DE CONTENEDORES DE RECOGIDA DE RESIDUOS|SUMINISTRO|Negociado sin publicidad|41.322,31|50.000,00||PLASTIC OMNIUM SISTEMAS URBANOS S.A.U|2015/12/15|1 año||49.171,86|SI||ZERBITZUAK||||||PAZ- 47||
V-05/15|Lote gabe|SU ARTIFIZIALAK 2015|FUEGOS ARTIFICIALES 2015|SUMINISTRO|MENOR||3.000,00||PIROTECNIA VALECEA-PIR S.L.|2015/06/17|1 DÍA||3.000,00|SI||FESTAK|IRAUPENA: (31 DE JULIO 2017)|||||PAZ-47||
V-01/16|Lote gabe|PASAI DONIBANEN GIZARTE, KULTURA ETA KIROL EKIPAMENDUA ERAIKITZEKO PROIEKTUAREN LAUGARREN FASEKO OBRAK EGUNERATZEA”|CONSTRUCCIÓN DE EDIFICIO PARA EQUIPAMIENTO SOCIOCULTURAL Y DEPORTIVO EN PASAI DONIBANE CONTENIDAS EN EL PROYECTO “ ACTUALIZACIÓN DE LA 4ª FASE DEL PROYECTO DE CONSTRUCCIÓN DE EDIFICIO PARA EQUIPAMINETO SOCIO-CULTURAL Y DEPORTIVO”|OBRA|Abierto|1.819.598,03|2.201.713,62||ALTUNA Y URIA, S.A|2016/03/04|11 MESES||1.401.532,13|SI||HIRIGINTZA||||||||
|Lote gabe|PASAI DONIBANEKO ALABORTZA HONDARTZAREN IPARRALDEKO SEKTOREAN MENDI-HEGALA EGONKORTZEKO OBRAK|OBRAS DE ESTABILIZACIÓN DE LA LADERA EN EL SECTOR NORTE DE LA CALA ALABORTZA- PASAI DONIBANE-|OBRA|Abierto|540.641,20|654.175,85||UTE ALABORTZA, constituída por las empresas TECNICOS EN ESTABILIZACIONES E INYECCIONES, S.A. (TESINSA) y CONSTRUCCIONES ALZOLA, S.L|2015/12/29|3 meses||423.829,70|SI||HIRIGINTZA||||||||
V-09/15|Lote gabe|UDAL GAZTELEKUEN KONTRATAZIOA 2015/2018|UDAL GAZTELEKUEN KONTRATAZIOA 2015/2018|SERVICIO|Abierto|192.000,00|232.320,00|€ / Año|ASOCIACIÓN  LUDICA “KANTAURI ELKARTEA”|2015/10/20|2 AÑOS + 2 PRORROGAS / ANUALES ||58.080,00|SI|2017: 1ª prorroga.         2018: 2ª prorroga|GAZTERIA|IMPORTE ADJUDICACION: 58.080 € / Año + 29.040 año Antxo|||||PAZ-48||
 |Lote gabe|GIZARTE-, KULTURA- ETA KIROL-EKIPAMENDUA  PASAI DONIBANEN.   - 4. FASEA-” Aholkularitza teknikoa|EQUIPAMIENTO SOCIO-CULTURAL-DEPORTIVO EN PASAI DONIBANE  -4ª FASE- asesoria técnica|SERVICIO|Abierto|74.380,37|90.000,25||ESTUDIO K, SOCIEDAD COOPERATIVA|2015/10/13|14 MESES|53.100,00|64.251,00|SI||HIRIGINTZA||||||||
V-06/15|Lote gabe|HAINBAT KIROL MATERIAL EROSTEA TRINTXERPEKO KIROLGUNEKO GIMNASIORAKO| MATERIAL DEPORTIVO PARA GIMNASIO PARA EL GIMNASIO DEL COMPLEJO DEPORTIVO DE TRINTXERPE|SUMINISTRO|Negociado sin publicidad|39.669,42|48.000,00 €||EXERCYCLE, S.A|2015/08/24|1 mes||47.772,08|SI||||||||||
V-13/15|Lote gabe|ELIZGAIN ERAIKINEKO GIZARTE ZENTROAN ILE-APAINDEGI ZERBITZUA|SERVICIO DE PELUQUERÍA EN EL CENTRO SOCIAL DEL EDIFICIO ELIZGAIN|SERVICIO|Abierto||150|€ / Mes|DESIERTO ( Dª MARIA DEL CARMEN MARIÑO AGUIAR)|2016/02/12|2 AÑOS + 2 PRORROGAS / ANUALES ||150|SI||GIZARTEKINTZA|"IMPORTE LICITACION: canon mensual mínimo de 150,00 euros. IMPORTE ADJUDICACION: canon de 150,-- euros/mes. PRORROGA: 2018: 1ª prorroga        2019: 2ª prorroga          2020: Nueva contratatación
"|2020/02/11|2018/02/11|2019/02/11||PAZ-49||
V-14/15|Lote gabe|SAN PEDROKO JUBILATUEN ETXEKO  GIZARTE ZENTROAN ILE-APAINDEGI ZERBITZUA|SERVICIO DE PELUQUERÍA EN EL CENTRO SOCIAL DEL HOGAR DEL JUBILADO DE SAN PEDRO.|SERVICIO|Abierto||75|€ / Mes|Dª. Rut Martin Otero|2016/05/03|2 AÑOS + 2 PRORROGAS / ANUALES ||75|||GIZARTEKINTZA|"IMPORTE LICITACION: canon mensual mínimo de 75 euros. IMPORTE ADJUDICACION: canon de 75,-- euros/mes. PRORROGA: 2018: 1ª prorroga        2019: 2ª prorroga          2020: Nueva contratatación


"|2020/05/02|2018/05/02|2019/05/02||PAZ-49||Idoiak dauka 2021-06-14
V-18/15|Lote gabe|HERRITARREN ARRETARAKO ZERBITZUA ABIARAZTEKO ADMINISTAZIO PROZEDUREN ESKULIBURUA EGITEKO ZERBITZUA|SERVICIO PARA LA REALIZACIÓN DEL MANUAL DE PROCEDIMIENTO ADMINISTRATIVOS PARA LA PUESTA EN MARCHA DEL SERVICIO DE ATENCIÓN CIUDADANA|SERVICIO|MENOR||||OTXANDIO & TEAM CONSULTING S.L.|2015/11/26|9 meses|17.999,99|21779,99|SI||PERTSONALA||||||PAZ-48||
|Lote gabe|PASAI ANTXOKO LUZURIAGA 3.02.1 HIRI EREMUKO ZOLADURA BERRITZEKO OBRAK EGIKARITZEA|OBRAS DE RENOVACIÓN DEL PAVIMENTO DEL ÁREA URBANA 3.02.1 LUZURIAGA EN PASAI ANTXO|OBRA|Negociado sin publicidad urgente|178.744,74|216,281,13||ASFALTIA S.L.|2015/12/09|3 semanas||148476,99|SI||||||||||
OM-6/15|Lote gabe|TRINTXERPEKO ARANEDERKO KIROL PISTA BIRMOLDATZEA|REMODELACIÓN DE LA PISTA DEPORTIVA DE ARANEDER EN TRINTXERPE|obra|Negociado sin publicidad urgente|108.107,50|130810,08||HOBBY KIROLAK, S.L|2015/12/17|5 semanas||128931,55|SI||ZERBITZUAK||||||PAZ-47||
OM-08/15|Lote gabe|PASAIAKO EDATEKO UR-HORNIDURAREN HODITERIAREN BERRIKUNTZA – JAIZKIBELGO URA-BILTZEKO INSTALAZIOETATIK EDATEKO URA ERAMATEN DU PASAI DONIBANE ETA ANTXORA|RENOVACIÓN DE LAS CONDUCCIONES DE SUMINISTRO DE AGUA DESDE LAS INSTALACIONES DE RECOGIDA HASTA PASAI DONIBANE Y ANTXO|OBRA|Negociado sin publicidad urgente|119.995,12|145194,1||URBYCOLAN, S.L.|2015/12/21|21 días naturales||143742,15|SI||ZERBITZUAK||||||PAZ-48||
|Lote gabe|PASAI SAN PEDRON URRESTARAZU KALEKO BERRURBANIZATZE PARTZIALERAKO OBRAK|OBRAS DEL PLAN PARCIAL DE REURBANIZACIÓN DE LA CALLE URRESTARAZU EN SAN PEDRO|OBRA|Negociado sin publicidad urgente|81.707,45|98866,01||URBYCOLAN, S.L.|2015/12/21|6 SEMANAS||78301,12|SI||||||||||
V-04/15|Lote 1|DONIBANEKO KIROLGUNEAN HAINBAT KIROL MATERIAL HORNITZEA ETA INSTALATZEA; EREMU TEMOLUDIKO BAT EGOKITZEA ETA SAUNA LEHORRA ETA SAUNA HEZEA INSTALATZEA.|SUMINISTRO E INSTALACIÓN DE DIVERSO MATERIAL DEPORTIVO Y EL SUMINISTRO, ADECUACIÓN DEL ESPACIO E INSTALACIÓN DE UNA SAUNA SECA Y OTRA HUMEDA PARA EL ESPACIO TERMOLÚDICO, AMBOS EN EL COMPLEJO  DEPORTIVO DE DONIBANE|SUMINISTRO|Negociado sin publicidad urgente|28.925,62|35.000,00||EXERCYCLE, S.L|2015/08/27|1 MES||28.978,71|SI||||||||PAZ-46||
V-04/15|Lote 2|DONIBANEKO KIROLGUNEAN HAINBAT KIROL MATERIAL HORNITZEA ETA INSTALATZEA; EREMU TEMOLUDIKO BAT EGOKITZEA ETA SAUNA LEHORRA ETA SAUNA HEZEA INSTALATZEA.|SUMINISTRO E INSTALACIÓN DE DIVERSO MATERIAL DEPORTIVO Y EL SUMINISTRO, ADECUACIÓN DEL ESPACIO E INSTALACIÓN DE UNA SAUNA SECA Y OTRA HUMEDA PARA EL ESPACIO TERMOLÚDICO, AMBOS EN EL COMPLEJO  DEPORTIVO DE DONIBANE|SUMINISTRO|Negociado sin publicidad urgente|22.314,05|27.000,00 ||ARGYSAN, S.L|2015/09/04|1 MES||26.999,94|SI||||||||PAZ-46||
|Lote gabe|PASAI SAN PEDRON, PROISA KULTUR GUNEKO ORUBEA AISIA ETA KIROL GUNE BIHURTZEKO EGOKITZAPEN-OBRAK EGIKARITZEA|EJECUCIÓN DE OBRAS DE ADECUACIÓN DEL SOLAR DEL CENTRO CULTURAL PROISA COMO CENTRO DE OCIO Y DEPORTE|OBRA|Negociado sin publicidad urgente|58776,61|71119,7||EXCAVACIONES Y TRANSPORTES ORSA,S.L|2015/12/29|3 SEMANAS||55828,96|SI||||||||||
V-03/15|Lote gabe|UDALEKU IREKIEN KONTRATAZIOA 2015-2018|UDALEKU IREKIEN KONTRATAZIOA 2015-2018|SERVICIO|Abierto|225000|272000||URTXINTXA  AISIALDIKO ESKOLA-GIPUZKOA|2015/05/29|2 AÑOS + 2 PRORROGAS / ANUALES |67500||SI|||Exento IVA|||||PAZ-46||
V-02/15|Lote gabe|SUKALDE ETA JANGELA ZERBITZUA: PASAI SAN PEDROKO ZAHARREN EGOITZA, JOKIN AMONDARAIN APARTAMENTUAK ETA EGUNEKO ZENTROA|SERVICIO DE COCINA-COMEDOR DE LA RESIDENCIA DE ANCIANOS DE PASAI SAN PEDRO, LOS APARTAMENTOS JOKIN AMONDARAIN Y EL CENTRO DE DÍA|SERVICIO|Abierto|246.100,00|||DESIERTO|||||SI||ZAHARREN EGOITZA||||||PAZ-56||
|Lote gabe|PASAI DONIBANEKO ALABORTZA KALA BERRESKURATZEKO|RECUPERACIÓN DE LA CALA  ALABORTZA. PASAI DONIBANE|OBRA|Abierto|360.366,99|436.044,06||INICIATIVAS PARA LA CONSTRUCCION Y OBRA CIVIL, S.L. (INCOC, S.L.)|2016/11/08|75 DÍAS NATURALES||330.870,23|SI||||||||||
V-16/15|Lote gabe|PASAIAKO LOGOTIPOA|LOGOTIPO DE PASAIA|SERVICIO|||||EÑAUT LEGARDA (IRARKI)|||||SI||||||||PAZ-49 (ESP. RAFEL-ek DAUKA 2016/05/05 etik)||
V-02/16|Lote gabe|AZTIKER ENPRESAK LANDUTAKO LAU AGIRIEN ITZULPENA|TRADUCCIÓN DE CUATRO DOCUMENTOS REMITIDOS POR LA EMPRESA AZTIKER|SERVICIO|MENOR||||BITEZ|2016/01/27|11 DÍAS||1.972,11|SI||||||||PAZ-49||
V-03/16|Lote gabe|IBAIONDO FRONTOIKO KANTINAREN USTIAPENA ETA ZERBITZU OSAGARRIAK (I)|EXPLOTACIÓN DE LA CANTINA DEL FRONTON IBAIONDO DE ANTXO Y SERVICIOS COMPLEMENTARIOS (I)|GESTIÓN|Abierto||||DESIERTO|||||SI||GAZTERIA|No se establece canon mensual|||||PAZ-52||
V-05/16|Lote gabe|ARROKAUNDIETA UDAL ATERPETXEAREN KUDEAKETA ETA ANIMAZIOA|GESTIÓN Y ANIMACIÓN DEL ALBERGUE|GESTIÓN|Abierto||300|€ / mes|URTXINTXA  AISIALDIKO ESKOLA-GIPUZKOA|2016/07/01|2 AÑOS + 2 PRORROGAS / ANUALES ||400,00|SI||GAZTERIA|OINARRIZKO AURREKONTUA: canon mensual mínimo de 300,00. IMPORTE ADJUDICACION: 400,00€/mes|2020/06/30|30/02/2018|30/02/2019||PAZ-50||
V-04/16|Lote gabe|TRINTXERPEKO JUBILATUEN ETXEKO TABERNAREN USTIAPENA|EXPLOTACIÓN DEL BAR DEL HOGAR DE JUBILADOS DE TRINTXERPE|EXPLOTACIÓN|Abierto||200,00|€ / mes|Cruz  Mª Larrañaga Urain|2016/07/01|2 AÑOS + 2 PRORROGAS / ANUALES ||400|SI||GIZARTEKINTZA|"IMPORTE LICITACION: canon mensual mínimo de 200,00 euros. IMPORT ADJUDICACION IVA:  400,00 euros/mes

"|2020/06/30|30/02/2018|30/02/2019||PAZ-50||
|Lote gabe|BORDAENEA KALEKO PROIEKTU BEREZUAB JASOTAKO OBRAK EGIKARITZEA|EJECUCIÓN DE LAS OBRAS CONTENIDAS EN EL PROYECTO SEPARADO DE LA CALLE BORDA ENEA|OBRA|Negociado sin publicidad|123.416,09|149.333,47||Otegui-Gaztañaga, S.L|2016/09/30|9 semanas||129.257,98|SI||||||||||
V-06/16|Lote gabe|ANDONAEGI JAUREGIKO ETA TRINTXERPEKO ALKATEORDETZAKO GARBIKETA ZERBITZUA|SERVICIO DE LIMPIEZA DEL PALACIO ANDONAEGI Y DE LA TENENCIA ALCALDIA DE TRINTXERPE|SERVICIO|MENOR||||LIMPIEZAS TXINGUDI 2001 S.L.|2016/05/10|Hasta finales del 2016|1.318,15|1.594,96|SI||ZERBITUZAK||||||PAZ-49||
V-09/16|Lote gabe|IBAIONDO FRONTOIKO KANTINAREN USTIAPENA ETA ZERBITZU OSAGARRIAK|EXPLOTACIÓN DE LA CANTINA DEL FRONTON IBAIONDO DE ANTXO Y SERVICIOS COMPLEMENTARIOS|EXPLOTACIÓN|Abierto|||€ / mes|Maria Isabel Barrenetxea Aguirre|2016/08/08|2 AÑOS + 2 PRORROGAS / ANUALES ||100,00|SI||KIROLAK|"No quieren prorrogar. IMPORTE LICITACION: No se establece un canon mensual mínimo. IMPORTE ADJUDICACION: 100€ / mes
"|||||PAZ-52||
V-12/16|Lote gabe|DONIBANEKO KIROLGUNEKO INSTALAZIOEN KUDEAKETA |GESTION DE LAS INSTALACIONES DEL COMPLEJO  DEPORTIVO  DE DONIBANE|GESTIÓN|Abierto|68.727,27 |83.160,00|€ / Año|BPXPORT KIROL ZERBITZUAK, S.L.|2016/09/27|2 AÑOS + 2 PRORROGAS / ANUALES ||83.160,00|SI|Renuncia a prorroga|KIROLAK||||||PAZ-52||
V-10/16|Lote gabe|HAUR, NERABE ETA GAZTEENTZAKO IKASTAROAK |CURSOS PARA NIÑOS/AS, ADOLESCENTES Y JÓVENES |SERVICIO|Abierto|73.523,32|80.875,65||ARTETIK  ELKARTE KULTURALA|2016/08/22|2 AÑOS + 2 PRORROGAS / ANUALES |15.860,00||SI|Exento IVA|GAZTERIA||2020/08/21|2018/04/21|2019/04/21||PAZ-53||
|Lote 1|DONIBANEKO GIZARTE- ETA KULTURA-ERAIKINEKO EKIPAMENDU ESZENIKOAREN INSTALAZIOA |INSTALACIÓN DEL EQUIPAMIENTO ESCÉNICO EN EL EDIFICIO SOCIOCULTURAL DE DONIBANE|OBRA|Abierto Urgente|159.100,00|192.511,00|€|GALVAN SPORT, SOCIEDAD LIMITADA||25 días||120.013,26|SI||HIRIGINTZA||||||||
|Lote 2|DONIBANEKO GIZARTE- ETA KULTURA-ERAIKINEKO EKIPAMENDU ESZENIKOAREN INSTALAZIOA |INSTALACIÓN DEL EQUIPAMIENTO ESCÉNICO EN EL EDIFICIO SOCIOCULTURAL DE DONIBANE|OBRA|Abierto Urgente|351.831,85|425.716,54,79|€|DARDARAK, S.L||25 días ||324.303,05|SI||HIRIGINTZA||||||||
V-24/16|Lote 1|INFORMATIKAKO TRESNAK EROSTEA HAZ-KO BULEGORAKO|SUMINISTRO DE EQUIPAMIENTO INFORMÁTICO PARA LAS OFICINAS DEL SAC|SUMINISTRO|Negociado-Urgente|15.702,00|19.000,00|€|HAITZANDI, S.L.||45 días naturales||17.132,90|SI||INFORMATIKA||||||PAZ-54||
V-24/16|Lote 2|INFORMATIKAKO TRESNAK EROSTEA HAZ-KO BULEGORAKO|SUMINISTRO DE EQUIPAMIENTO INFORMÁTICO PARA LAS OFICINAS DEL SAC|SUMINISTRO|Negociado-Urgente|9.091,00|11.000,00|€|MAKELSAKO GIPUZKOA S.L. ||45 días naturales||10.445,54|SI||INFORMATIKA||||||PAZ-54||
V-24/16|Lote 3|INFORMATIKAKO TRESNAK EROSTEA HAZ-KO BULEGORAKO|SUMINISTRO DE EQUIPAMIENTO INFORMÁTICO PARA LAS OFICINAS DEL SAC|SUMINISTRO|Negociado-Urgente|4.132,00|5.000,00|€|SUPER MICRO COMPUTER SPAIN, S.L.||45 días naturales||4.968,70|SI||INFORMATIKA||||||PAZ-54||
V-24/16|Lote 4|INFORMATIKAKO TRESNAK EROSTEA HAZ-KO BULEGORAKO|SUMINISTRO DE EQUIPAMIENTO INFORMÁTICO PARA LAS OFICINAS DEL SAC|SUMINISTRO|Negociado-Urgente|4.545,00|5.500,00|€|TELENOR COMUNICACIONES, S.L.||45 días naturales||5.274,16|SI||INFORMATIKA||||||PAZ-54||
V-23/16|Lote gabe|PASAIAKO UDALAREN ETA BERE ERAKUNDE AUTONOMOEN AHOTS ETA DATU-KOMUNIKAZIOAK HOBETZEKO ZERBITZUA|SERVICIO DE MEJORA EN LAS COMUNICACIONES DE VOZ Y DATOS DEL AYUNTAMIENTO DE PASAIA Y SUS ORGANISMOS AUTÓNOMOS|SERVICIO|Negociado sin publicidad|51.240,00|62.000,00|€|IRONTEC, INTERNET Y SISTEMAS SOBRE GNU/LINUX S.L.|2016/12/28|1 año|60.766,20||SI||IDAZKARITZA||||||PAZ-54||
|Lote gabe|PASAI ANTXO IPARREKO HIRIGUNEAREN BERRURBANIZAZIOA (C-6 FASEA GELASIO ARANBURU KALEA)|REURBANIZACION DE LA ZONA URBANA PASAI ANTXO NORTE  (FASE C-6 CALLE GELASIO ARANBURU)|OBRA|Abierto Urgente|515.952,47|624.302,49|€|ASFALTADOS Y CONSTRUCCIONES MORGA, S.L|2016/12/15|5 semanas||436.888,19|SI||||||||||
V-27/16|Lote gabe|HAZ BULEGOTARAKO ALTZARIAK|MOBILIARIO DE LAS OFICINAS DEL SAC|SUMINISTRO|MENOR|||€|BIGARA EQUIPAMIENTO DE OFICINA, S.L.|2016/12/27||15.770,75|19.081,61|SI||IDAZKARITZA||||||PAZ-54||
V-08/16|Lote gabe|TRINTXERPEKO KIROLGUNEKO INSTALAZIOEN KUDEAKETA|GESTION DE LAS INSTALACIONES DEL COMPLEJO  DEPORTIVO  DE TRINTXERPE|GESTIÓN|Abierto|61.685,95|74.640,00|€|BPXPORT KIROL ZERBITZUAK, S.L.|2016/08/24|2 AÑOS + 2 PRORROGAS / ANUALES ||74.640,00|||||2020/08/23|2018/04/22|2019/04/22||PAZ-55||
V-11/16|Lote gabe|UDAL LUDOTEKEN KUDEAKETA ETA ANIMAZIOA |GESTIÓN Y ANIMACIÓN DE LAS LUDOTECAS MUNICIPALES|GESTIÓN|Abierto|151.287,30|166.416,03|€ / Año|ASOCIACIÓN  LUDICA “KANTAURI ELKARTEA”|2016/08/30|2 AÑOS + 2 PRORROGAS / ANUALES |143.687,30||SI||GAZTERIA|(exento  IVA)|2020/08/29|2018/04/29|2019/04/29||PAZ-53||
OM-08/16|Lote gabe|HIRU BULEGO EGOKITZEA HERRITARREN ARRETA ZERBITZURAKO (HAZ)|LAS OBRAS PARA LA HABILITACIÓN DE TRES OFICINAS DE SERVICIO DE ATENCIÓN A LA CIUDADANIA (SAC)|OBRA|negociado|78.917,55|95.490,23|€|ADURIZ LUJANBIO, S.L.|2016/11/21|3 meses||78.200,00|SI||IDAZKARITZA||||||PAZ-56||
V-13/16|Lote gabe|PASAIAKO UDALERRI OSOAN IBILGAILUEN APARKALEKUAK ARRAZIONALIZATZEKO, KUDEATZEKO ETA ANTOLATZEKO PLANA|REALIZACION DEL PLAN DE ORDENACION, GESTION Y RACIONALIZACION DEL ESTACIONAMIENTO DE VEHICULOS EN EL MUNICIPIO DE PASAIA|SERVICIO|Negociado-sin publicidad|28.925,62|35.000,00|€|ASMATU, S.L.P., TEMA INGENIERIA, S.L. Unipersonal|2016/11/16|5 meses||21.699,99|SI||IDAZKARITZA||||||PAZ-54||
OM-05/16|Lote gabe|TRINTXERPE, AZKUENEKO BIRIBILGUNEAREN BERRURBANIZAZIO OBRAK|OBRAS DE REURBANIZACIÓN DE LA ROTONDA DE AZKUENE EN TRINTXERPE|OBRA|MENOR|||€|TEC-NATURA|2016/09/28|2 meses|45.668,88|55.259,34|SI||ZERBITZUAK||||||PAZ-52||
V-07/16|Lote gabe|SU ARTIFIZIALAK 2016|FUEGOS ARTIFICIALES 2016|SUMINISTRO|MENOR||3.000,00|€|PIROTECNIA VALECEA-PIR S.L.|2016/06/02|1 día||3.000,00|SI||FESTAK|(31 DE JULIO 2017)|||||PAZ-53||
V-01/16|Lote 1-SERVICIOS DE TELEFONÍA FIJA|PASAIAKO UDALEKO ETA BERE ERAKUNDE AUTONOMOETAKO KOMUNIKAZIO-ZERBITZUEN KUDEAKETA|GESTIÓN DE LOS SERVICIOS DE COMUNICACIÓN DEL AYUNTAMIENTO Y SUS ORGANISMOS AUTÓNOMOS|SERVICIO|Abierto|20.000,00|24.200,00|€|EUSKALTEL|2016/06/06|2 AÑOS + 2 PRORROGAS / ANUALES ||14.292,15|SI||INFORMATIKA||2020/06/05|2018/06/05|2019/06/05||PAZ-51||
V-01/16|Lote 2-SERVICIOS DE TELEFONÍA MÓVIL|PASAIAKO UDALEKO ETA BERE ERAKUNDE AUTONOMOETAKO KOMUNIKAZIO-ZERBITZUEN KUDEAKETA|GESTIÓN DE LOS SERVICIOS DE COMUNICACIÓN DEL AYUNTAMIENTO Y SUS ORGANISMOS AUTÓNOMOS|SERVICIO|Abierto|8.000,00|9.680,00|€|EUSKALTEL|2016/06/06|2 AÑOS + 2 PRORROGAS / ANUALES ||3.692,56|SI||INFORMATIKA||2020/06/05|2018/06/05|2019/06/05||PAZ-51||
||MOLINAO-ITSASADARRA ESPARRUAN URBANIZAZIOA, ANTXORA SARTZEKO BIRIBILGUNEAREN ETA PABINSA ERAIKINAREN ARTEAN|URBANIZACIÓN DEL ÁMBITO MOLINAO-ITSASADARRA ENTRE LA ROTONDA DE ACCESO A ANTXO Y PABINSA|OBRA|Abierto|434.547,31|525.802,25|€|INICIATIVAS PARA LA CONSTRUCCION Y OBRA CIVIL, S.L. (INCOC, S.L.)|2016/11/03|13 Semanas||401.134,53|SI||HIRIGINTZA||||||||
OM-01/16||ANDONAEGIKO FUTBOL-ZELAIKO ALDAGELEN ERAIKIN BERRIA|NUEVO EDIFICIO DE VESTUARIOS EN EL CAMPO DE FÚTBOL DE ANDONAEGI|OBRA|Negociado sin publicidad|179.471,97|217.161,08|€|CONSTRUCCIONES ASTIARAN, S.L|2016/07/29|75 días||200.179,08|SI||ZERBITZUAK||||||PAZ-50||
V-01/17||FOTOKOPIAGAILUEN EROSKETA|COMPRA DE FOTOCOPIADORAS|SUMINISTRO|MENOR|||€|2008 MAQUELSA GIPUZKOA S.L.|2017/05/07||12.905,88|15.616,11|SI||INFORMATIKA||||||PAZ-56||
V-02/17|LOTE 1: Res. Civil:|PASAIAKO UDALAREN ETA BERE ERAKUNDE AUTONOMOEN ONDARE-ERANTZUKIZUNA ETA ONDASUNEN GAINEKO KALTEAK ESTALTZEKO ASEGURUAK|SEGUROS DE RESPONSABILIDAD PATRIMONIAL Y DE DAÑOS EN BIENES DEL AYUNTAMIENTO DE PASAIA Y SUS ORGANISMOS AUTONOMOS|SERVICIO|Abierto|32.000,00||€|SEGURCAIXA ADESLAS, S.A. DE SEGUROS Y REASEGUROS /  LOTE2:  AXA SEGUROS GENERALES, S.A. DE SEGUROS Y REASEGUROS|2017/06/26|2 AÑOS + 2 PRORROGAS / ANUALES|24.664,90||SI|2019: 1ª prorroga.         2020: 2ª prorroga|IDAZKARITZA|( servicio a partir 01/07/2017)|2020/12/31|2018/12/31|2019/12/31||PAZ-60||
V-02/17|LOTE 2: Seg. Daños Bienes|PASAIAKO UDALAREN ETA BERE ERAKUNDE AUTONOMOEN ONDARE-ERANTZUKIZUNA ETA ONDASUNEN GAINEKO KALTEAK ESTALTZEKO ASEGURUAK|SEGUROS DE RESPONSABILIDAD PATRIMONIAL Y DE DAÑOS EN BIENES DEL AYUNTAMIENTO DE PASAIA Y SUS ORGANISMOS AUTONOMOS|SERVICIO|Abierto|20.000,00||€|AXA SEGUROS GENERALES, S.A. DE SEGUROS Y REASEGUROS|2017/06/26|2 AÑOS + 2 PRORROGAS / ANUALES|18.826,53||SI|2019: 1ª prorroga.         2020: 2ª prorroga|IDAZKARITZA|( servicio a partir 01/07/2017)|2020/12/31|2018/12/31|2019/12/31||PAZ-60||
||PASAIAKO ZAHARREN EGOITZA FUNDAZIO PUBLIKOKO LAGUNTZA-ZERBITZUAK ETA ZERBITZU OSAGARRIAK.|SERVICIOS ASISTENCIALES Y COMPLEMENTARIOS DE LA FUNDACIÓN PÚBLICA RESIDENCIA DE ANCIANOS DE PASAIA|SERVICIO|Armonizado|618.606,39||€ / año|CLECE, S.A.-ZAINTZEN, SAU, Unión Temporal de Empresas Ley 16/1982, de 26 de mayo”, denominada abreviadamente “UTE PASAIAKO ZAHARREN EGOITZA|2017/08/02|2 AÑOS + 2 PRORROGAS / ANUALES|602.999,14|627.119,11|SI|2019: 1ª prorroga.      Eta azkena KABIAN sartu|ZAHARREN EGOITZA|IMPORTE LICITACION: 618.606,39 euros/año (  597.173,32 corresponden a los servicios de Residencia y centro de dia y de 21.433,07 €/año al  centro diurno Elizgain)|2019/12/31||||PAZ-63||
||PASAI SAN PEDROKO ZAHARREN EGOITZA ETA EGUNEKO ZENTROAREN ETA “JOKIN AMONDARAIN” ETXEBIZITZETAKO EREMU ERKIDEEN GARBIKETA|LIMPIEZA DE LA RESIDENCIA DE ANCIANOS DE PASAI SAN PEDRO Y DEL CENTRRO DE DÍA Y DE LAS ZONAS COMUNES DE LOS APARTAMENTOS “JOKIN AMONDARAIN”|SERVICIO|Armonizado|91.000,00||€|INTEGRA MANTENIMIENTO, GESTION Y SERVICIOS INTEGRADOS, CENTRO ESPECIAL DE EMPLEO, S.L.|2017/12/11|2 AÑOS + 2 PRORROGAS / ANUALES|77.132,28|93.330,06|SI|43810|ZAHARREN EGOITZA||||||PAZ-62||
||DONIBANEKO ITSASERTZEKO SARBIDEAK BERRESKURATZEA|RECUPERACIÓN DE LOS ACCESOS  AL LITORAL EN DONIBANE|OBRA|Negociado|162.500,00|162.500,00|€|TEUSA TECNICAS DE RESTAURACION, S.A|2017/12/14|4 MESES||137.849,89|SI||HIRIGINTZA||||||||
V-12/17||FORMAKUNTZA: BIZI GAREN GARAIKO ERREALITATERA EGOKITUTAKO ANTOLAKUNTZA ETA FUNTZIONAMENDUA DISEINATZEA|FORMACIÓN: DISEÑO DE UNA ORGANIZACIÓN Y FUNCIONAMIENTO CORRESPONDIENTES A LA REALIDAD DEL TIEMPO EN QUE VIVIMOS|SERVICIO|MENOR|||€|OTXANDIO & TEAM CONSULTING S.L.|2017/05/05||7.000,00||SI|10 SESIONES DE 4 HORAS|PERTSONALA||||||PAZ-57A||
V-02/18||UDAL LANGILEEEN OSASUN ZAINTZA|VIGILANCIA DE LA SALUD DEL PERSONAL MUNICIPAL|SERVICIO|Abierto|14.876,03|18.000,00|€|URKO SERVICIOS DE PREVENCION, S.COOP.|2017/11/01|2 AÑOS + 2 PRORROGAS / ANUALES|14.794,00|17.901,00|SI|NO, CONTRATACIÓN CENTRALIZADA|PERTSONALA||||||PAZ-64||
OM-04/17||PASAI DONIBANEKO SANTIAGO PLAZAKO PANTALANA BERRITU  ETA ORDEZKATZEKO LANAK|OBRAS PARA LA RENOVACIÓN Y SUSTITUCIÓN DEL PANTALÁN DE LA PLAZA SANTIAGO EN PASAI DONIBANE|OBRA|Negociado|68.794,93|83.241,87|€|ASTILLEROS AMILIBIA UNTZIOLAK, S.L|2017/08/01|1 MES||64.130,00|SI||HIRIGINTZA||||||PAZ-58||
||PASAI SAN PEDROKO ONDARTXOKO PASEALEKUAREN URBANIZAZIOA|URBANIZACIÓN DEL PASEO DE ONDARTXO. PASAI SAN PEDRO|OBRA|Abierto|458.104,76|554.306,76|€|ASFALTADOS Y CONSTRUCCIONES MORGA, S.L|2017/12/01|6 MESES||449.142,16|SI||HIRIGINTZA||||||||
||PASAI DONIBANEKO HILTEGI ZAHARRA ERABERRITZEKO LANAK|OBRAS PARA LA REHABILITACIÓN DEL ANTIGUO MATADERO DE PASAI DONIBANE|OBRA|Negociado|114.743,13|138.839,19|€|ADURIZ LUJANBIO, S.L.|2017/08/25|12 SEMANAS||130.619,50|SI||HIRIGINTZA||||||PAZ-59||
||LOKALA GAZTELEKUA IZATEKO EGOKITZEA HAMARRETXETA, 25EAN (AXULAR,7)”|ACONDICIONAMIENTODE LOCAL PARA GAZTELEKU EN                C/ HAMARRETXETA, 25 (AXULAR,7|OBRA|Negociado|69.421,49|84.000,00|€|ADURIZ LUJANBIO, S.L.|2017/12/04|2 MESES||80.639,68|SI||||||||||
V-08/17||SU ARTIFIZIALAK 2017|FUEGOS ARTIFICIALES 2017|SUMINISTRO|MENOR||3.000,00|€|CABALLER FX- GLOBAL FOC, S.L.|2017/05/31|1 DÍA (31 DE JULIO 2017)||3.000,00|SI||FESTAK||||||PAZ-57A||
V-10/17||PASAIAKO UDALEKO HAUR ETA NERABEEN ESKUBIDEAK BERMATZEKO PLANEAN SAKONTZEKO IKERKETA SOZIOLOGIKOA|INVESTIGACION SOZIOLOGICA DE PROFUNDIZACION EN EL PLAN PARA GARANTIZAR LOS DERECHOS DE LOS NIÑOS Y ADOLESCENTES DEL AYUNTAMIENTO DE PASAIA|SERVICIO|Negociado|24.793,39|30.000,00|€|FARAPI KOOPERATIBA ELKARTEA|2017/09/04|Hasta final de Mayo del 2018||28.583,83|SI||GIZARTEKINTZA||||||PAZ-60||
V-09/17||UDALTZAINGORAKO PATRUILA-IBILGAILUA EROSTEA|ADQUISICIÓN DE VEHICULO PATRULLA PARA LA GUARDIA MUNICIPAL|SUMINISTRO|MENOR||21.780,00|€|EASO MOTOR S.A.|2017/05/18||17.816,37|21.557,81|SI|FORD FOCUS BERLINA TREND 1,5 TCDI 120CV|UDALTZAINGOA||||||PAZ-57A||
OM-1/17||ESNABIDEKO DEPOSITOA IRAGAZGAZTEA|IMPERMEABILIZACIÓN DEL DEPÓSITO DE ESNABIDE|OBRA|MENOR|||€|IRET S.A|2017/02/27||44.317,68|53.624,39|SI||ZERBITUZAK||||||PAZ-56||
V-25/16||ETXEZ ETXEKO LAGUNTZA ZERBITZUA|SERVICIO DE AYUDA DOMICILIARIA|SERVICIO|Abierto|1.026.929,54||€ / hora|EULEN SERVICIOS SOCIOSANITARIOS, S.A|2017/06/15|2 AÑOS + 2 PRORROGAS / ANUALES|19,94||SI||GIZARTEKINTZA|"IMPORTE ADJUDICACION: 19,94 euros/hora, (IVA del 4%, aparte), lo que hace un precio estimado del contrato, (sobre  50.460,30 horas estimadas), de 1.046.425,40 euros/año, (1.006.178,30 euros + 40.247,13 euros  correspondiente al 4% de IVA), de acuerdo con la oferta realizada
"|15/06/2019 No renueva||||PAZ-57A, PAZ-57B||
V-16/17||PASAI DONIBANEKO LIBURUTEGIRAKO ALTZARIEN HORNIDURA|SUMINISTRO DE MOBILIARIO PARA LA BIBLIOTECA DE PASAI DONIBANE|SUMINISTRO|Negociado|42.750,44|51.728,03|€|BIGARA EQUIPAMIENTO DE OFICINA, S.L.|2017/11/08|30 DIAS NATURALES||50.777,24|SI||KULTURA||||||PAZ-60||
V-13/17||LAN ARRISKUEN PREBENTZIORAKO ZERBITZU INTEGRALA|SERVICIO INTEGRAL DE PREVENCIÓN DE RIESGOS LABORALES|SERVICIO|Negociado sin publicidad|10.987,34|13.294,68|€|URKO SERVICIOS DE PREVENCION, S.COOP.|2017/11/01|2 AÑOS + 2 PRORROGAS / ANUALES||10.890,00|SI|NO, CONTRATACIÓN CENTRALIZADA|PERTSONALA||2021/10/31|2019/10/31|2020/10/31||PAZ-58||
OM-06/17||DON BOSKOKO FUTBOL ZELAIKO BELARRA BERRITZEKO LANAK|OBRAS DE RENOVACION DE LA HIERBA ARTIFICIAL DEL CAMPO DE FUTBOL DE DON BOSKO|OBRA|Abierto|305.846,20|370.073,90|€|OBRAS Y PAVIMENTOS ESPECIALES, S.A. (OPSA)|2017/09/05|7 SEMANAS||326.701,25|SI||||||||PAZ-59||
V-20/17||IRRATI-IRAKURKETARAKO SISTEMA DUTEN UR-KONTAGAILUEN HORNIDURA|SUMINISTRO DE CONTADORES DE AGUA CON SISTEMA DE READIOLECTURA|SUMINISTRO||55.000,00|66.550,00|€|ABERING CONTADORES DE AGUA, S.L|2017/11/30|15 DÍAS|||SI|||"IMPORTE ADJUDICACION: El precio de este contrato, es de 57,95 euros/unidad, más 12,17 euros correspondiente al IVA. Total: 70,12 euros. (Precio total estimado: 66.473,76 euros, correspondientes a 948 contadores)
"|||||PAZ-61||
V-22/17||UDAL LANGILEEEN OSASUN ZAINTZA|VIGILANCIA DE LA SALUD DEL PERSONAL MUNICIPAL|SERVICIO|Negociado sin publicidad|7.400,00|8.954,00|€|DESIERTO|||||SI||PERTSONALA||||||PAZ-56||
OM-03/17||PASAI DONIBANEKO LARRABIDE ETA GAZTELUTXO BASERRIETARA DARAMAN LANDA-BIDEAREN ZORUA BERRITZEKO LANAK  |REASFALTADO DEL CAMINO RURAL DE ACCESO A LOS CASERIOS LARRABIDE Y GAZTELUTXO EN PASAI DONIBANE |OBRA|Negociado|60.186,25|72.825,36|€|ASFALTIA S.L.|2017/06/22|15 dias||64.960,23|SI||ZERBITZUAK||||||PAZ-57A||
OM-09/17||DONIBANEKO UR GORDAILUKO IRAGAZGAIZTE LANAK|OBRAS DE IMPERMEABILIZACIÓN DEL DEPOSITO DE DONIBANE|OBRA|MENOR|||€|IRET S.A|2017/08/11|5 SEMANAS|21.338,40|25.819,46|SI||ZERBITZUAK||||||PAZ-58||
OM-08/17|Lote 1|ARROKAUNDIETAKO ATERPETXEAREN BERRIKUNTZA ETA  MODERNIZAIORAKO LANAK|OBRAS DE RENOVACIÓN Y MODERNIZACIÓN DE ARROKANDIETA|OBRA|Negociado|85.767,19|103.778,30|€|ADURIZ LUJAMBIO, S.L.||6 SEMANAS||103.717,57|SI||ZERBITZUAK||||||PAZ-58||
OM-08/17|Lote 2|ARROKAUNDIETAKO ATERPETXEAREN BERRIKUNTZA ETA  MODERNIZAIORAKO LANAK|OBRAS DE RENOVACIÓN Y MODERNIZACIÓN DE ARROKANDIETA|OBRA|Negociado|24.184,98|29.263,83|€|LANDART K4 INSTALACIONES||4 SEMANAS||24.591,45|SI||ZERBITZUAK||||||PAZ-58||
OM-02/18||DONIBANEKO GAZTELEKUA ETA GAZTELEKUAREN IRISGARRITASUNA EGOKITZEKO OBRAK|OBRAS DE ADECUACION DE LA ACCESIBILIDAD Y ACONDICIONAMIENTO DEL GAZTELEKU DE DONIBANE Y DIRECCION DE OBRA|OBRA|Irekia / Abierto|140.777,86|170.341,21|€|INDENORT PV S.L. - AIZPURUA ARQUITECTOS|2018/09/20|18 SEMANAS||169.316,74|SI||ZERBITZUAK||||||PAZ-65||
V-15/17||PASAI DONIBANEKO KULTURGUNERAKO BINILO ETA ERROTULAZIOAREN HORNIDURA|SUMINISTRO DE VINILOS Y ROTULACIÓN PARA EL EDIFICIO SOCIOCULTURAL DE PASAI DONIBANE|SUMINISTRO|MENOR|||€|SIGNOS PUBLICIDAD & COMUNICACIÓN S.L.U.|2017/08/08||7.932,00|9.597,72|SI||KULTURA||||||PAZ-58||
OM-10/17||LOKALA GAZTELEKUA IZATEKO EGOKITZEA HAMARRETXETA 25EAN|ACONDICINAMIENTO DE LOCAL PARA GAZTELEKU EN C/ HAMARRETXETA 25|OBRA|Negociado sin publicidad|69.421,49|84.000,00|€|ADURIZ LUJANBIO, S.L.|2017/12/04|2 MESES||80.639,68|SI||ZERBITZUAK||||||PAZ-61||
V-24/18||AUTOMATIKOKI GARBITZEN DIREN BI KOMUNEN HORNIDURA, INSTALAZIOA (OBRA ZIBILA BARNE) ETA MANTENTZE-LANA KONTRATATZEKO|SUMINISTRO, INSTALACIÓN, INCLUYENDO OBRA CIVIL, Y MANTENIMIENTO DE 2 ASEOS AUTOLIMPIABLES|SUMINISTRO,OBRA, MANTENIMIENTO|Irekia / Abierto|98.760,00||€|OLPRIM INGENIERIA Y SERVICIOS S.A|2018/11/20|1 MES SUMINISTRO /MANTENIMIENTO 1 AÑO|88.879,00|107.543,59|SI||ZERBITZUAK||||||PAZ-65||
OM-03/18||SAN FERMIN ELIZAREN ALBOKO FATXADA BERRITZEKO OBRA (ANTXO)|OBRA RENOVACIÓN FACHADA LATERAL DE LA IGLESIA SAN FERMIN (ANCHO)|OBRA|MENOR|||€|REVESTIMIENTOS LEYMA|2018/09/25|4 SEMANAS||22.019,58|SI||ZERBITZUAK||||||PAZ-66||
V-23/18||POLTSA KONPOSTAGARRIAK HORNITZEKO KONTRATAZIOA|CONTRATACIÓN DEL SUMINISTRO DE BOLSAS COMPOSTABLES|SUMINISTRO|Irekia / Abierto|0,04500||€/bolsa |MOHEDA & RAÑAL S.L|2019/01/14||0,03790|0,00796|||ZERBITZUAK|"No hay fecha finalización contrato, va por cantidades IMPORTE LICITACION: gasto máximo 57.555,00. IMPORTE ADJUDICACION: 0,0379€/bolsa  / gasto máximo 57.555,00. IMPORT DEJUDICACION CON IVA: 0,00796€/Bolsa / gasto máximo será de 69.641,55

"|||||PAZ-65||
