ESPEDIENTEA /EXPEDIENTE|LOTE|ZERBITZUA|SERVICIO|KONTRATU MOTA /TIPO CONTRATO|PROZEDIURA /PROCEDIMIENTO|OINARRIZKO AURREKONTUA / IMPORTE LICITACION (SIN IVA)|OINARRIZKO AURREKONTUA / IMPORTE LICITACION (CON IVA)|ZENBATEKOAREN UNITATEA|KONTRATISTA / CONTRATISTA|KONTRATU SINADURA / FIRMA DE CONTRATO|IRAUPENA / DURACION|ADJUDIKAZIOAREN ZENBATEKOA / IMPORTE ADJUDICACIÓN (SIN IVA)|ADJUDIKAZIOAREN ZENBATEKOA / IMPORTE ADJUDICACIÓN  (CON IVA)|KONTRATU AMAIERA /CONTRATO VENCIDO|LUZAPENAK (URTEAK) / PRORROGA/AÑOS|SAILA / DEPARTAMENTO|OHARRAK / OBSERVACIONES|FIN PRORROGA|PREAVISO 1º PRORROGA ANTES DEL |PREAVISO 2º PRORROGA ANTES DEL |PREAVISO 3º PRORROGA ANTES DEL |ARTXIBO KUTXA / CAJA ARCHIVO
V-04/15|Lote 1|DONIBANEKO KIROLGUNEAN HAINBAT KIROL MATERIAL HORNITZEA ETA INSTALATZEA; EREMU TEMOLUDIKO BAT EGOKITZEA ETA SAUNA LEHORRA ETA SAUNA HEZEA INSTALATZEA.|SUMINISTRO E INSTALACIÓN DE DIVERSO MATERIAL DEPORTIVO Y EL SUMINISTRO, ADECUACIÓN DEL ESPACIO E INSTALACIÓN DE UNA SAUNA SECA Y OTRA HUMEDA PARA EL ESPACIO TERMOLÚDICO, AMBOS EN EL COMPLEJO  DEPORTIVO DE DONIBANE|SUMINISTRO|Negociado sin publicidad urgente|28925,62|35000||EXERCYCLE, S.L|2015/08/27|1 MES||28978,71|SI||||||||PAZ-46
V-04/15|Lote 2|DONIBANEKO KIROLGUNEAN HAINBAT KIROL MATERIAL HORNITZEA ETA INSTALATZEA; EREMU TEMOLUDIKO BAT EGOKITZEA ETA SAUNA LEHORRA ETA SAUNA HEZEA INSTALATZEA.|SUMINISTRO E INSTALACIÓN DE DIVERSO MATERIAL DEPORTIVO Y EL SUMINISTRO, ADECUACIÓN DEL ESPACIO E INSTALACIÓN DE UNA SAUNA SECA Y OTRA HUMEDA PARA EL ESPACIO TERMOLÚDICO, AMBOS EN EL COMPLEJO  DEPORTIVO DE DONIBANE|SUMINISTRO|Negociado sin publicidad urgente|22314,05|27000||ARGYSAN, S.L|2015/09/04|1 MES||26999,94|SI||||||||PAZ-46
|Lote gabe|PASAI SAN PEDRON, PROISA KULTUR GUNEKO ORUBEA AISIA ETA KIROL GUNE BIHURTZEKO EGOKITZAPEN-OBRAK EGIKARITZEA|EJECUCIÓN DE OBRAS DE ADECUACIÓN DEL SOLAR DEL CENTRO CULTURAL PROISA COMO CENTRO DE OCIO Y DEPORTE|OBRA|Negociado sin publicidad urgente|58776,61|71119,7||EXCAVACIONES Y TRANSPORTES ORSA,S.L|2015/12/29|3 SEMANAS||55828,96|SI||||||||
V-03/15|Lote gabe|UDALEKU IREKIEN KONTRATAZIOA 2015-2018|UDALEKU IREKIEN KONTRATAZIOA 2015-2018|SERVICIO|Abierto|225000|272000||URTXINTXA  AISIALDIKO ESKOLA-GIPUZKOA|2015/05/29|2 AÑOS + 2 PRORROGAS / ANUALES |67500||SI|||Exento IVA|||||PAZ-46
V-02/15|Lote gabe|SUKALDE ETA JANGELA ZERBITZUA: PASAI SAN PEDROKO ZAHARREN EGOITZA, JOKIN AMONDARAIN APARTAMENTUAK ETA EGUNEKO ZENTROA|SERVICIO DE COCINA-COMEDOR DE LA RESIDENCIA DE ANCIANOS DE PASAI SAN PEDRO, LOS APARTAMENTOS JOKIN AMONDARAIN Y EL CENTRO DE DÍA|SERVICIO|Abierto|246100|||DESIERTO|||||SI||ZAHARREN EGOITZA||||||PAZ-56
|Lote gabe|PASAI DONIBANEKO ALABORTZA KALA BERRESKURATZEKO|RECUPERACIÓN DE LA CALA  ALABORTZA. PASAI DONIBANE|OBRA|Abierto|360366,99|436044,06||INICIATIVAS PARA LA CONSTRUCCION Y OBRA CIVIL, S.L. (INCOC, S.L.)|2016/11/08|75 DÍAS NATURALES||330870,23|SI||||||||
V-16/15|Lote gabe|PASAIAKO LOGOTIPOA|LOGOTIPO DE PASAIA|SERVICIO|||||EÑAUT LEGARDA (IRARKI)|||||SI||||||||PAZ-49 (ESP. RAFEL-ek DAUKA 2016/05/05 etik)
V-02/16|Lote gabe|AZTIKER ENPRESAK LANDUTAKO LAU AGIRIEN ITZULPENA|TRADUCCIÓN DE CUATRO DOCUMENTOS REMITIDOS POR LA EMPRESA AZTIKER|SERVICIO|MENOR||||BITEZ|2016/01/27|11 DÍAS||1972,11|SI||||||||PAZ-49
V-03/16|Lote gabe|IBAIONDO FRONTOIKO KANTINAREN USTIAPENA ETA ZERBITZU OSAGARRIAK (I)|EXPLOTACIÓN DE LA CANTINA DEL FRONTON IBAIONDO DE ANTXO Y SERVICIOS COMPLEMENTARIOS (I)|GESTIÓN|Abierto||||DESIERTO|||||SI||GAZTERIA|No se establece canon mensual|||||PAZ-52
V-05/16|Lote gabe|ARROKAUNDIETA UDAL ATERPETXEAREN KUDEAKETA ETA ANIMAZIOA|GESTIÓN Y ANIMACIÓN DEL ALBERGUE|GESTIÓN|Abierto||300|€ / mes|URTXINTXA  AISIALDIKO ESKOLA-GIPUZKOA|2016/07/01|2 AÑOS + 2 PRORROGAS / ANUALES ||400|SI||GAZTERIA|OINARRIZKO AURREKONTUA: canon mensual mínimo de 300,00. IMPORTE ADJUDICACION: 400,00€/mes|44012|30/02/2018|30/02/2019||PAZ-50
V-04/16|Lote gabe|TRINTXERPEKO JUBILATUEN ETXEKO TABERNAREN USTIAPENA|EXPLOTACIÓN DEL BAR DEL HOGAR DE JUBILADOS DE TRINTXERPE|EXPLOTACIÓN|Abierto||200|€ / mes|Cruz  Mª Larrañaga Urain|2016/07/01|2 AÑOS + 2 PRORROGAS / ANUALES ||400|SI||GIZARTEKINTZA|"IMPORTE LICITACION: canon mensual mínimo de 200,00 euros. IMPORT ADJUDICACION IVA:  400,00 euros/mes

"|44012|30/02/2018|30/02/2019||PAZ-50
|Lote gabe|BORDAENEA KALEKO PROIEKTU BEREZUAB JASOTAKO OBRAK EGIKARITZEA|EJECUCIÓN DE LAS OBRAS CONTENIDAS EN EL PROYECTO SEPARADO DE LA CALLE BORDA ENEA|OBRA|Negociado sin publicidad|123416,09|149333,47||Otegui-Gaztañaga, S.L|2016/09/30|9 semanas||129257,98|SI||||||||
V-06/16|Lote gabe|ANDONAEGI JAUREGIKO ETA TRINTXERPEKO ALKATEORDETZAKO GARBIKETA ZERBITZUA|SERVICIO DE LIMPIEZA DEL PALACIO ANDONAEGI Y DE LA TENENCIA ALCALDIA DE TRINTXERPE|SERVICIO|MENOR||||LIMPIEZAS TXINGUDI 2001 S.L.|2016/05/10|Hasta finales del 2016|1318,15|1594,96|SI||ZERBITUZAK||||||PAZ-49
V-09/16|Lote gabe|IBAIONDO FRONTOIKO KANTINAREN USTIAPENA ETA ZERBITZU OSAGARRIAK|EXPLOTACIÓN DE LA CANTINA DEL FRONTON IBAIONDO DE ANTXO Y SERVICIOS COMPLEMENTARIOS|EXPLOTACIÓN|Abierto|||€ / mes|Maria Isabel Barrenetxea Aguirre|2016/08/08|2 AÑOS + 2 PRORROGAS / ANUALES ||100|SI||KIROLAK|"No quieren prorrogar. IMPORTE LICITACION: No se establece un canon mensual mínimo. IMPORTE ADJUDICACION: 100€ / mes
"|||||PAZ-52
V-12/16|Lote gabe|DONIBANEKO KIROLGUNEKO INSTALAZIOEN KUDEAKETA |GESTION DE LAS INSTALACIONES DEL COMPLEJO  DEPORTIVO  DE DONIBANE|GESTIÓN|Abierto|68727,27|83160|€ / Año|BPXPORT KIROL ZERBITZUAK, S.L.|2016/09/27|2 AÑOS + 2 PRORROGAS / ANUALES ||83160|SI|Renuncia a prorroga|KIROLAK||||||PAZ-52
V-10/16|Lote gabe|HAUR, NERABE ETA GAZTEENTZAKO IKASTAROAK |CURSOS PARA NIÑOS/AS, ADOLESCENTES Y JÓVENES |SERVICIO|Abierto|73523,32|80875,65||ARTETIK  ELKARTE KULTURALA|2016/08/22|2 AÑOS + 2 PRORROGAS / ANUALES |15860||SI|Exento IVA|GAZTERIA||44064|43211|43576||PAZ-53
|Lote 1|DONIBANEKO GIZARTE- ETA KULTURA-ERAIKINEKO EKIPAMENDU ESZENIKOAREN INSTALAZIOA |INSTALACIÓN DEL EQUIPAMIENTO ESCÉNICO EN EL EDIFICIO SOCIOCULTURAL DE DONIBANE|OBRA|Abierto Urgente|159100|192511|€|GALVAN SPORT, SOCIEDAD LIMITADA||25 días||120013,26|SI||HIRIGINTZA||||||
|Lote 2|DONIBANEKO GIZARTE- ETA KULTURA-ERAIKINEKO EKIPAMENDU ESZENIKOAREN INSTALAZIOA |INSTALACIÓN DEL EQUIPAMIENTO ESCÉNICO EN EL EDIFICIO SOCIOCULTURAL DE DONIBANE|OBRA|Abierto Urgente|351831,85|425.716,54,79|€|DARDARAK, S.L||25 días ||324303,05|SI||HIRIGINTZA||||||
V-24/16|Lote 1|INFORMATIKAKO TRESNAK EROSTEA HAZ-KO BULEGORAKO|SUMINISTRO DE EQUIPAMIENTO INFORMÁTICO PARA LAS OFICINAS DEL SAC|SUMINISTRO|Negociado-Urgente|15702|19000|€|HAITZANDI, S.L.||45 días naturales||17132,9|SI||INFORMATIKA||||||PAZ-54
V-24/16|Lote 2|INFORMATIKAKO TRESNAK EROSTEA HAZ-KO BULEGORAKO|SUMINISTRO DE EQUIPAMIENTO INFORMÁTICO PARA LAS OFICINAS DEL SAC|SUMINISTRO|Negociado-Urgente|9091|11000|€|MAKELSAKO GIPUZKOA S.L. ||45 días naturales||10445,54|SI||INFORMATIKA||||||PAZ-54
V-24/16|Lote 3|INFORMATIKAKO TRESNAK EROSTEA HAZ-KO BULEGORAKO|SUMINISTRO DE EQUIPAMIENTO INFORMÁTICO PARA LAS OFICINAS DEL SAC|SUMINISTRO|Negociado-Urgente|4132|5000|€|SUPER MICRO COMPUTER SPAIN, S.L.||45 días naturales||4968,7|SI||INFORMATIKA||||||PAZ-54
V-24/16|Lote 4|INFORMATIKAKO TRESNAK EROSTEA HAZ-KO BULEGORAKO|SUMINISTRO DE EQUIPAMIENTO INFORMÁTICO PARA LAS OFICINAS DEL SAC|SUMINISTRO|Negociado-Urgente|4545|5500|€|TELENOR COMUNICACIONES, S.L.||45 días naturales||5274,16|SI||INFORMATIKA||||||PAZ-54
V-23/16|Lote gabe|PASAIAKO UDALAREN ETA BERE ERAKUNDE AUTONOMOEN AHOTS ETA DATU-KOMUNIKAZIOAK HOBETZEKO ZERBITZUA|SERVICIO DE MEJORA EN LAS COMUNICACIONES DE VOZ Y DATOS DEL AYUNTAMIENTO DE PASAIA Y SUS ORGANISMOS AUTÓNOMOS|SERVICIO|Negociado sin publicidad|51240|62000|€|IRONTEC, INTERNET Y SISTEMAS SOBRE GNU/LINUX S.L.|2016/12/28|1 año|60766,2||SI||IDAZKARITZA||||||PAZ-54
|Lote gabe|PASAI ANTXO IPARREKO HIRIGUNEAREN BERRURBANIZAZIOA (C-6 FASEA GELASIO ARANBURU KALEA)|REURBANIZACION DE LA ZONA URBANA PASAI ANTXO NORTE  (FASE C-6 CALLE GELASIO ARANBURU)|OBRA|Abierto Urgente|515952,47|624302,49|€|ASFALTADOS Y CONSTRUCCIONES MORGA, S.L|2016/12/15|5 semanas||436888,19|SI||||||||
V-27/16|Lote gabe|HAZ BULEGOTARAKO ALTZARIAK|MOBILIARIO DE LAS OFICINAS DEL SAC|SUMINISTRO|MENOR|||€|BIGARA EQUIPAMIENTO DE OFICINA, S.L.|2016/12/27||15770,75|19081,61|SI||IDAZKARITZA||||||PAZ-54
V-08/16|Lote gabe|TRINTXERPEKO KIROLGUNEKO INSTALAZIOEN KUDEAKETA|GESTION DE LAS INSTALACIONES DEL COMPLEJO  DEPORTIVO  DE TRINTXERPE|GESTIÓN|Abierto|61685,95|74640|€|BPXPORT KIROL ZERBITZUAK, S.L.|2016/08/24|2 AÑOS + 2 PRORROGAS / ANUALES ||74640|||||44066|43212|43577||PAZ-55
V-11/16|Lote gabe|UDAL LUDOTEKEN KUDEAKETA ETA ANIMAZIOA |GESTIÓN Y ANIMACIÓN DE LAS LUDOTECAS MUNICIPALES|GESTIÓN|Abierto|151287,3|166416,03|€ / Año|ASOCIACIÓN  LUDICA “KANTAURI ELKARTEA”|2016/08/30|2 AÑOS + 2 PRORROGAS / ANUALES |143687,3||SI||GAZTERIA|(exento  IVA)|44072|43219|43584||PAZ-53
OM-08/16|Lote gabe|HIRU BULEGO EGOKITZEA HERRITARREN ARRETA ZERBITZURAKO (HAZ)|LAS OBRAS PARA LA HABILITACIÓN DE TRES OFICINAS DE SERVICIO DE ATENCIÓN A LA CIUDADANIA (SAC)|OBRA|negociado|78917,55|95490,23|€|ADURIZ LUJANBIO, S.L.|2016/11/21|3 meses||78200|SI||IDAZKARITZA||||||PAZ-56
V-13/16|Lote gabe|PASAIAKO UDALERRI OSOAN IBILGAILUEN APARKALEKUAK ARRAZIONALIZATZEKO, KUDEATZEKO ETA ANTOLATZEKO PLANA|REALIZACION DEL PLAN DE ORDENACION, GESTION Y RACIONALIZACION DEL ESTACIONAMIENTO DE VEHICULOS EN EL MUNICIPIO DE PASAIA|SERVICIO|Negociado-sin publicidad|28925,62|35000|€|ASMATU, S.L.P., TEMA INGENIERIA, S.L. Unipersonal|2016/11/16|5 meses||21699,99|SI||IDAZKARITZA||||||PAZ-54
OM-05/16|Lote gabe|TRINTXERPE, AZKUENEKO BIRIBILGUNEAREN BERRURBANIZAZIO OBRAK|OBRAS DE REURBANIZACIÓN DE LA ROTONDA DE AZKUENE EN TRINTXERPE|OBRA|MENOR|||€|TEC-NATURA|2016/09/28|2 meses|45668,88|55259,34|SI||ZERBITZUAK||||||PAZ-52
V-07/16|Lote gabe|SU ARTIFIZIALAK 2016|FUEGOS ARTIFICIALES 2016|SUMINISTRO|MENOR||3000|€|PIROTECNIA VALECEA-PIR S.L.|2016/06/02|1 día||3000|SI||FESTAK|(31 DE JULIO 2017)|||||PAZ-53
V-01/16|Lote 1-SERVICIOS DE TELEFONÍA FIJA|PASAIAKO UDALEKO ETA BERE ERAKUNDE AUTONOMOETAKO KOMUNIKAZIO-ZERBITZUEN KUDEAKETA|GESTIÓN DE LOS SERVICIOS DE COMUNICACIÓN DEL AYUNTAMIENTO Y SUS ORGANISMOS AUTÓNOMOS|SERVICIO|Abierto|20000|24200|€|EUSKALTEL|2016/06/06|2 AÑOS + 2 PRORROGAS / ANUALES ||14292,15|SI||INFORMATIKA||43987|43256|43621||PAZ-51
V-01/16|Lote 2-SERVICIOS DE TELEFONÍA MÓVIL|PASAIAKO UDALEKO ETA BERE ERAKUNDE AUTONOMOETAKO KOMUNIKAZIO-ZERBITZUEN KUDEAKETA|GESTIÓN DE LOS SERVICIOS DE COMUNICACIÓN DEL AYUNTAMIENTO Y SUS ORGANISMOS AUTÓNOMOS|SERVICIO|Abierto|8000|9680|€|EUSKALTEL|2016/06/06|2 AÑOS + 2 PRORROGAS / ANUALES ||3692,56|SI||INFORMATIKA||43987|43256|43621||PAZ-51
||MOLINAO-ITSASADARRA ESPARRUAN URBANIZAZIOA, ANTXORA SARTZEKO BIRIBILGUNEAREN ETA PABINSA ERAIKINAREN ARTEAN|URBANIZACIÓN DEL ÁMBITO MOLINAO-ITSASADARRA ENTRE LA ROTONDA DE ACCESO A ANTXO Y PABINSA|OBRA|Abierto|434547,31|525802,25|€|INICIATIVAS PARA LA CONSTRUCCION Y OBRA CIVIL, S.L. (INCOC, S.L.)|2016/11/03|13 Semanas||401134,53|SI||HIRIGINTZA||||||
OM-01/16||ANDONAEGIKO FUTBOL-ZELAIKO ALDAGELEN ERAIKIN BERRIA|NUEVO EDIFICIO DE VESTUARIOS EN EL CAMPO DE FÚTBOL DE ANDONAEGI|OBRA|Negociado sin publicidad|179471,97|217161,08|€|CONSTRUCCIONES ASTIARAN, S.L|2016/07/29|75 días||200179,08|SI||ZERBITZUAK||||||PAZ-50
V-01/17||FOTOKOPIAGAILUEN EROSKETA|COMPRA DE FOTOCOPIADORAS|SUMINISTRO|MENOR|||€|2008 MAQUELSA GIPUZKOA S.L.|2017/05/07||12905,88|15616,11|SI||INFORMATIKA||||||PAZ-56
V-02/17|LOTE 1: Res. Civil:|PASAIAKO UDALAREN ETA BERE ERAKUNDE AUTONOMOEN ONDARE-ERANTZUKIZUNA ETA ONDASUNEN GAINEKO KALTEAK ESTALTZEKO ASEGURUAK|SEGUROS DE RESPONSABILIDAD PATRIMONIAL Y DE DAÑOS EN BIENES DEL AYUNTAMIENTO DE PASAIA Y SUS ORGANISMOS AUTONOMOS|SERVICIO|Abierto|32000||€|SEGURCAIXA ADESLAS, S.A. DE SEGUROS Y REASEGUROS /  LOTE2:  AXA SEGUROS GENERALES, S.A. DE SEGUROS Y REASEGUROS|2017/06/26|2 AÑOS + 2 PRORROGAS / ANUALES|24664,9||SI|2019: 1ª prorroga.         2020: 2ª prorroga|IDAZKARITZA|( servicio a partir 01/07/2017)|44196|43465|43830||PAZ-60
V-02/17|LOTE 2: Seg. Daños Bienes|PASAIAKO UDALAREN ETA BERE ERAKUNDE AUTONOMOEN ONDARE-ERANTZUKIZUNA ETA ONDASUNEN GAINEKO KALTEAK ESTALTZEKO ASEGURUAK|SEGUROS DE RESPONSABILIDAD PATRIMONIAL Y DE DAÑOS EN BIENES DEL AYUNTAMIENTO DE PASAIA Y SUS ORGANISMOS AUTONOMOS|SERVICIO|Abierto|20000||€|AXA SEGUROS GENERALES, S.A. DE SEGUROS Y REASEGUROS|2017/06/26|2 AÑOS + 2 PRORROGAS / ANUALES|18826,53||SI|2019: 1ª prorroga.         2020: 2ª prorroga|IDAZKARITZA|( servicio a partir 01/07/2017)|44196|43465|43830||PAZ-60
||PASAIAKO ZAHARREN EGOITZA FUNDAZIO PUBLIKOKO LAGUNTZA-ZERBITZUAK ETA ZERBITZU OSAGARRIAK.|SERVICIOS ASISTENCIALES Y COMPLEMENTARIOS DE LA FUNDACIÓN PÚBLICA RESIDENCIA DE ANCIANOS DE PASAIA|SERVICIO|Armonizado|618606,39||€ / año|CLECE, S.A.-ZAINTZEN, SAU, Unión Temporal de Empresas Ley 16/1982, de 26 de mayo”, denominada abreviadamente “UTE PASAIAKO ZAHARREN EGOITZA|2017/08/02|2 AÑOS + 2 PRORROGAS / ANUALES|602999,14|627119,11|SI|2019: 1ª prorroga.      Eta azkena KABIAN sartu|ZAHARREN EGOITZA|IMPORTE LICITACION: 618.606,39 euros/año (  597.173,32 corresponden a los servicios de Residencia y centro de dia y de 21.433,07 €/año al  centro diurno Elizgain)|43830||||PAZ-63
||PASAI SAN PEDROKO ZAHARREN EGOITZA ETA EGUNEKO ZENTROAREN ETA “JOKIN AMONDARAIN” ETXEBIZITZETAKO EREMU ERKIDEEN GARBIKETA|LIMPIEZA DE LA RESIDENCIA DE ANCIANOS DE PASAI SAN PEDRO Y DEL CENTRRO DE DÍA Y DE LAS ZONAS COMUNES DE LOS APARTAMENTOS “JOKIN AMONDARAIN”|SERVICIO|Armonizado|91000||€|INTEGRA MANTENIMIENTO, GESTION Y SERVICIOS INTEGRADOS, CENTRO ESPECIAL DE EMPLEO, S.L.|2017/12/11|2 AÑOS + 2 PRORROGAS / ANUALES|77132,28|93330,06|SI|43810|ZAHARREN EGOITZA||||||PAZ-62
||DONIBANEKO ITSASERTZEKO SARBIDEAK BERRESKURATZEA|RECUPERACIÓN DE LOS ACCESOS  AL LITORAL EN DONIBANE|OBRA|Negociado|162500|162500|€|TEUSA TECNICAS DE RESTAURACION, S.A|2017/12/14|4 MESES||137849,89|SI||HIRIGINTZA||||||
V-12/17||FORMAKUNTZA: BIZI GAREN GARAIKO ERREALITATERA EGOKITUTAKO ANTOLAKUNTZA ETA FUNTZIONAMENDUA DISEINATZEA|FORMACIÓN: DISEÑO DE UNA ORGANIZACIÓN Y FUNCIONAMIENTO CORRESPONDIENTES A LA REALIDAD DEL TIEMPO EN QUE VIVIMOS|SERVICIO|MENOR|||€|OTXANDIO & TEAM CONSULTING S.L.|2017/05/05||7000||SI|10 SESIONES DE 4 HORAS|PERTSONALA||||||PAZ-57A
V-02/18||UDAL LANGILEEEN OSASUN ZAINTZA|VIGILANCIA DE LA SALUD DEL PERSONAL MUNICIPAL|SERVICIO|Abierto|14876,03|18000|€|URKO SERVICIOS DE PREVENCION, S.COOP.|2017/11/01|2 AÑOS + 2 PRORROGAS / ANUALES|14794|17901|SI|NO, CONTRATACIÓN CENTRALIZADA|PERTSONALA||||||PAZ-64
OM-04/17||PASAI DONIBANEKO SANTIAGO PLAZAKO PANTALANA BERRITU  ETA ORDEZKATZEKO LANAK|OBRAS PARA LA RENOVACIÓN Y SUSTITUCIÓN DEL PANTALÁN DE LA PLAZA SANTIAGO EN PASAI DONIBANE|OBRA|Negociado|68794,93|83241,87|€|ASTILLEROS AMILIBIA UNTZIOLAK, S.L|2017/08/01|1 MES||64130|SI||HIRIGINTZA||||||PAZ-58
||PASAI SAN PEDROKO ONDARTXOKO PASEALEKUAREN URBANIZAZIOA|URBANIZACIÓN DEL PASEO DE ONDARTXO. PASAI SAN PEDRO|OBRA|Abierto|458104,76|554306,76|€|ASFALTADOS Y CONSTRUCCIONES MORGA, S.L|2017/12/01|6 MESES||449142,16|SI||HIRIGINTZA||||||
||PASAI DONIBANEKO HILTEGI ZAHARRA ERABERRITZEKO LANAK|OBRAS PARA LA REHABILITACIÓN DEL ANTIGUO MATADERO DE PASAI DONIBANE|OBRA|Negociado|114743,13|138839,19|€|ADURIZ LUJANBIO, S.L.|2017/08/25|12 SEMANAS||130619,5|SI||HIRIGINTZA||||||PAZ-59
||LOKALA GAZTELEKUA IZATEKO EGOKITZEA HAMARRETXETA, 25EAN (AXULAR,7)”|ACONDICIONAMIENTODE LOCAL PARA GAZTELEKU EN                C/ HAMARRETXETA, 25 (AXULAR,7|OBRA|Negociado|69421,49|84000|€|ADURIZ LUJANBIO, S.L.|2017/12/04|2 MESES||80639,68|SI||||||||
V-08/17||SU ARTIFIZIALAK 2017|FUEGOS ARTIFICIALES 2017|SUMINISTRO|MENOR||3000|€|CABALLER FX- GLOBAL FOC, S.L.|2017/05/31|1 DÍA (31 DE JULIO 2017)||3000|SI||FESTAK||||||PAZ-57A
V-10/17||PASAIAKO UDALEKO HAUR ETA NERABEEN ESKUBIDEAK BERMATZEKO PLANEAN SAKONTZEKO IKERKETA SOZIOLOGIKOA|INVESTIGACION SOZIOLOGICA DE PROFUNDIZACION EN EL PLAN PARA GARANTIZAR LOS DERECHOS DE LOS NIÑOS Y ADOLESCENTES DEL AYUNTAMIENTO DE PASAIA|SERVICIO|Negociado|24793,39|30000|€|FARAPI KOOPERATIBA ELKARTEA|2017/09/04|Hasta final de Mayo del 2018||28583,83|SI||GIZARTEKINTZA||||||PAZ-60
V-09/17||UDALTZAINGORAKO PATRUILA-IBILGAILUA EROSTEA|ADQUISICIÓN DE VEHICULO PATRULLA PARA LA GUARDIA MUNICIPAL|SUMINISTRO|MENOR||21780|€|EASO MOTOR S.A.|2017/05/18||17816,37|21557,81|SI|FORD FOCUS BERLINA TREND 1,5 TCDI 120CV|UDALTZAINGOA||||||PAZ-57A
OM-1/17||ESNABIDEKO DEPOSITOA IRAGAZGAZTEA|IMPERMEABILIZACIÓN DEL DEPÓSITO DE ESNABIDE|OBRA|MENOR|||€|IRET S.A|2017/02/27||44317,68|53624,39|SI||ZERBITUZAK||||||PAZ-56
V-25/16||ETXEZ ETXEKO LAGUNTZA ZERBITZUA|SERVICIO DE AYUDA DOMICILIARIA|SERVICIO|Abierto|1026929,54||€ / hora|EULEN SERVICIOS SOCIOSANITARIOS, S.A|2017/06/15|2 AÑOS + 2 PRORROGAS / ANUALES|19,94||SI||GIZARTEKINTZA|"IMPORTE ADJUDICACION: 19,94 euros/hora, (IVA del 4%, aparte), lo que hace un precio estimado del contrato, (sobre  50.460,30 horas estimadas), de 1.046.425,40 euros/año, (1.006.178,30 euros + 40.247,13 euros  correspondiente al 4% de IVA), de acuerdo con la oferta realizada 
"|15/06/2019 No renueva||||PAZ-57A, PAZ-57B
V-16/17||PASAI DONIBANEKO LIBURUTEGIRAKO ALTZARIEN HORNIDURA|SUMINISTRO DE MOBILIARIO PARA LA BIBLIOTECA DE PASAI DONIBANE|SUMINISTRO|Negociado|42750,44|51728,03|€|BIGARA EQUIPAMIENTO DE OFICINA, S.L.|2017/11/08|30 DIAS NATURALES||50777,24|SI||KULTURA||||||PAZ-60
V-13/17||LAN ARRISKUEN PREBENTZIORAKO ZERBITZU INTEGRALA|SERVICIO INTEGRAL DE PREVENCIÓN DE RIESGOS LABORALES|SERVICIO|Negociado sin publicidad|10987,34|13294,68|€|URKO SERVICIOS DE PREVENCION, S.COOP.|2017/11/01|2 AÑOS + 2 PRORROGAS / ANUALES||10890|SI|NO, CONTRATACIÓN CENTRALIZADA|PERTSONALA||44500|43769|44135||PAZ-58
OM-06/17||DON BOSKOKO FUTBOL ZELAIKO BELARRA BERRITZEKO LANAK|OBRAS DE RENOVACION DE LA HIERBA ARTIFICIAL DEL CAMPO DE FUTBOL DE DON BOSKO|OBRA|Abierto|305846,2|370073,9|€|OBRAS Y PAVIMENTOS ESPECIALES, S.A. (OPSA)|2017/09/05|7 SEMANAS||326701,25|SI||||||||PAZ-59
V-20/17||IRRATI-IRAKURKETARAKO SISTEMA DUTEN UR-KONTAGAILUEN HORNIDURA|SUMINISTRO DE CONTADORES DE AGUA CON SISTEMA DE READIOLECTURA|SUMINISTRO||55000|66550|€|ABERING CONTADORES DE AGUA, S.L|2017/11/30|15 DÍAS|||SI|||"IMPORTE ADJUDICACION: El precio de este contrato, es de 57,95 euros/unidad, más 12,17 euros correspondiente al IVA. Total: 70,12 euros. (Precio total estimado: 66.473,76 euros, correspondientes a 948 contadores)
"|||||PAZ-61
V-22/17||UDAL LANGILEEEN OSASUN ZAINTZA|VIGILANCIA DE LA SALUD DEL PERSONAL MUNICIPAL|SERVICIO|Negociado sin publicidad|7400|8954|€|DESIERTO|||||SI||PERTSONALA||||||PAZ-56
OM-03/17||PASAI DONIBANEKO LARRABIDE ETA GAZTELUTXO BASERRIETARA DARAMAN LANDA-BIDEAREN ZORUA BERRITZEKO LANAK  |REASFALTADO DEL CAMINO RURAL DE ACCESO A LOS CASERIOS LARRABIDE Y GAZTELUTXO EN PASAI DONIBANE |OBRA|Negociado|60186,25|72825,36|€|ASFALTIA S.L.|2017/06/22|15 dias||64960,23|SI||ZERBITZUAK||||||PAZ-57A
OM-09/17||DONIBANEKO UR GORDAILUKO IRAGAZGAIZTE LANAK|OBRAS DE IMPERMEABILIZACIÓN DEL DEPOSITO DE DONIBANE|OBRA|MENOR|||€|IRET S.A|2017/08/11|5 SEMANAS|21338,4|25819,46|SI||ZERBITZUAK||||||PAZ-58
OM-08/17|Lote 1|ARROKAUNDIETAKO ATERPETXEAREN BERRIKUNTZA ETA  MODERNIZAIORAKO LANAK|OBRAS DE RENOVACIÓN Y MODERNIZACIÓN DE ARROKANDIETA|OBRA|Negociado|85767,19|103778,3|€|ADURIZ LUJAMBIO, S.L.||6 SEMANAS||103717,57|SI||ZERBITZUAK||||||PAZ-58
OM-08/17|Lote 2|ARROKAUNDIETAKO ATERPETXEAREN BERRIKUNTZA ETA  MODERNIZAIORAKO LANAK|OBRAS DE RENOVACIÓN Y MODERNIZACIÓN DE ARROKANDIETA|OBRA|Negociado|24184,98|29263,83|€|LANDART K4 INSTALACIONES||4 SEMANAS||24591,45|SI||ZERBITZUAK||||||PAZ-58
OM-02/18||DONIBANEKO GAZTELEKUA ETA GAZTELEKUAREN IRISGARRITASUNA EGOKITZEKO OBRAK|OBRAS DE ADECUACION DE LA ACCESIBILIDAD Y ACONDICIONAMIENTO DEL GAZTELEKU DE DONIBANE Y DIRECCION DE OBRA|OBRA|Irekia / Abierto|140777,86|170341,21|€|INDENORT PV S.L. - AIZPURUA ARQUITECTOS|2018/09/20|18 SEMANAS||169316,74|SI||ZERBITZUAK||||||PAZ-65
V-15/17||PASAI DONIBANEKO KULTURGUNERAKO BINILO ETA ERROTULAZIOAREN HORNIDURA|SUMINISTRO DE VINILOS Y ROTULACIÓN PARA EL EDIFICIO SOCIOCULTURAL DE PASAI DONIBANE|SUMINISTRO|MENOR|||€|SIGNOS PUBLICIDAD & COMUNICACIÓN S.L.U.|2017/08/08||7932|9597,72|SI||KULTURA||||||PAZ-58
OM-10/17||LOKALA GAZTELEKUA IZATEKO EGOKITZEA HAMARRETXETA 25EAN|ACONDICINAMIENTO DE LOCAL PARA GAZTELEKU EN C/ HAMARRETXETA 25|OBRA|Negociado sin publicidad|69421,49|84000|€|ADURIZ LUJANBIO, S.L.|2017/12/04|2 MESES||80639,68|SI||ZERBITZUAK||||||PAZ-61
V-24/18||AUTOMATIKOKI GARBITZEN DIREN BI KOMUNEN HORNIDURA, INSTALAZIOA (OBRA ZIBILA BARNE) ETA MANTENTZE-LANA KONTRATATZEKO|SUMINISTRO, INSTALACIÓN, INCLUYENDO OBRA CIVIL, Y MANTENIMIENTO DE 2 ASEOS AUTOLIMPIABLES|SUMINISTRO,OBRA, MANTENIMIENTO|Irekia / Abierto|98760||€|OLPRIM INGENIERIA Y SERVICIOS S.A|2018/11/20|1 MES SUMINISTRO /MANTENIMIENTO 1 AÑO|88879|107543,59|SI||ZERBITZUAK||||||PAZ-65
OM-03/18||SAN FERMIN ELIZAREN ALBOKO FATXADA BERRITZEKO OBRA (ANTXO)|OBRA RENOVACIÓN FACHADA LATERAL DE LA IGLESIA SAN FERMIN (ANCHO)|OBRA|MENOR|||€|REVESTIMIENTOS LEYMA|2018/09/25|4 SEMANAS||22019,58|SI||ZERBITZUAK||||||PAZ-66
V-23/18||POLTSA KONPOSTAGARRIAK HORNITZEKO KONTRATAZIOA|CONTRATACIÓN DEL SUMINISTRO DE BOLSAS COMPOSTABLES|SUMINISTRO|Irekia / Abierto|0,045||€/bolsa |MOHEDA & RAÑAL S.L|2019/01/14||0,0379|0,00796|||ZERBITZUAK|"No hay fecha finalización contrato, va por cantidades IMPORTE LICITACION: gasto máximo 57.555,00. IMPORTE ADJUDICACION: 0,0379€/bolsa  / gasto máximo 57.555,00. IMPORT DEJUDICACION CON IVA: 0,00796€/Bolsa / gasto máximo será de 69.641,55

"|||||PAZ-65
